날짜,지수
2020-04-20,1233.91
2020-04-21,1222.54
2020-04-22,1236.09
2020-04-23,1259.31
2020-04-24,1272.2
2020-04-27,1273.6
2020-04-28,1258.56
2020-04-29,1263.23
2020-05-04,1218.69
2020-05-06,1228.23
2020-05-07,1242.3
2020-05-08,1250.64
2020-05-11,1263.09
2020-05-12,1240.62
2020-05-13,1208.33
2020-05-14,1207.56
2020-05-15,1198.69
2020-05-18,1197.38
2020-05-19,1255.33
2020-05-20,1261.8
2020-05-21,1264.94
2020-05-22,1269.4
2020-05-25,1273.81
2020-05-26,1330.05
2020-05-27,1338.89
2020-05-28,1343.44
2020-05-29,1335.23
2020-06-01,1360.15
2020-06-02,1363.35
2020-06-03,1396.72
2020-06-04,1406.24
2020-06-05,1444.41
2020-06-08,1445.86
2020-06-09,1435.73
2020-06-10,1427.02
2020-06-11,1439.65
2020-06-12,1374.67
2020-06-15,1295.78
2020-06-16,1358.69
2020-06-17,1329.03
2020-06-18,1338.79
2020-06-19,1341.85
2020-06-22,1320.71
2020-06-23,1312.4
2020-06-24,1320.28
2020-06-25,1284.71
2020-06-26,1312.54
2020-06-29,1274.88
2020-06-30,1275.22
2020-07-01,1299.25
2020-07-02,1313.46
2020-07-03,1318.76
2020-07-06,1337.41
2020-07-07,1330.14
2020-07-08,1335.03
2020-07-09,1338.32
2020-07-10,1315.98
2020-07-13,1343.16
2020-07-14,1350.24
2020-07-15,1371.41
2020-07-16,1375.22
2020-07-17,1377.11
2020-07-20,1388.89
2020-07-21,1419.15
2020-07-22,1378.46
2020-07-23,1350.11
2020-07-24,1339.35
2020-07-27,1319.81
2020-07-28,1333.83
2020-07-29,1333.38
2020-07-30,1331.58
2020-07-31,1322.88
2020-08-03,1306.28
2020-08-04,1321.92
2020-08-05,1317.01
2020-08-06,1351.04
2020-08-07,1373.52
2020-08-10,1381.08
2020-08-11,1398.14
2020-08-12,1395.25
2020-08-13,1397.14
2020-08-14,1403.73
2020-08-18,1326.12
2020-08-19,1346.52
2020-08-20,1282.48
2020-08-21,1292.47
2020-08-24,1290.05
2020-08-25,1320.99
2020-08-26,1320.66
2020-08-27,1299.2
2020-08-28,1340.38
2020-08-31,1355.57
2020-09-01,1366.41
2020-09-02,1381.83
2020-09-03,1380.52
2020-09-04,1358.47
2020-09-07,1354.81
2020-09-08,1346.91
2020-09-09,1351.61
2020-09-10,1368.49
2020-09-11,1375.89
2020-09-14,1406.43
2020-09-15,1424.78
2020-09-16,1452.94
2020-09-17,1445.6
2020-09-18,1457.83
2020-09-21,1431.99
2020-09-22,1378.7
2020-09-23,1374.94
2020-09-24,1349.84
2020-09-25,1353.56
2020-09-28,1378.99
2020-09-29,1398.33
2020-10-05,1432.71
2020-10-06,1432.22
2020-10-07,1447.33
2020-10-08,1471.39
2020-10-12,1492.88
2020-10-13,1518.13
2020-10-14,1506.84
2020-10-15,1534.18
2020-10-16,1536.69
2020-10-19,1525.83
2020-10-20,1576.51
2020-10-21,1595.83
2020-10-22,1564.6
2020-10-23,1569.48
2020-10-26,1555.86
2020-10-27,1536.18
2020-10-28,1547.79
2020-10-29,1530.29
2020-10-30,1482.71
2020-11-02,1521.83
2020-11-03,1533.76
2020-11-04,1523.26
2020-11-05,1577.58
2020-11-06,1563.9
2020-11-09,1671.45
2020-11-10,1731.35
2020-11-11,1770.23
2020-11-12,1797.37
2020-11-13,1763.41
2020-11-16,1818.71
2020-11-17,1746.95
2020-11-18,1738.47
2020-11-19,1707.46
2020-11-20,1719.66
2020-11-23,1763.69
2020-11-24,1755.79
2020-11-25,1734.03
2020-11-26,1732.13
2020-11-27,1731.26
2020-11-30,1738.56
2020-12-01,1761.46
2020-12-02,1726.78
2020-12-03,1740.27
2020-12-04,1730.76
2020-12-07,1715.1
2020-12-08,1720.74
2020-12-09,1741.82
2020-12-10,1763.88
2020-12-11,1770.6
2020-12-14,1730.23
2020-12-15,1722.38
2020-12-16,1723.33
2020-12-17,1726.72
2020-12-18,1725.76
2020-12-21,1718.63
2020-12-22,1682.43
2020-12-23,1690.17
2020-12-24,1705.06
2020-12-28,1692.22
2020-12-29,1723.19
2020-12-30,1755.95
2021-01-04,1831.19
2021-01-05,1874.19
2021-01-06,1832.69
2021-01-07,1873.78
2021-01-08,1867.04
2021-01-11,1853.46
2021-01-12,1845.75
2021-01-13,1868.96
2021-01-14,1895.07
2021-01-15,1867.64
2021-01-18,1786.42
2021-01-19,1850.44
2021-01-20,1848.97
2021-01-21,1942.41
2021-01-22,1934.64
2021-01-25,2029.12
2021-01-26,1987.46
2021-01-27,1970.29
2021-01-28,1925.13
2021-01-29,1862.49
2021-02-01,1908.86
2021-02-02,1928.48
2021-02-03,1973.94
2021-02-04,1984.12
2021-02-05,1976.73
2021-02-08,1972.57
2021-02-09,1951.91
2021-02-10,1972.29
2021-02-15,1994.21
2021-02-16,1997.65
2021-02-17,1989.38
2021-02-18,1959.0
2021-02-19,1988.94
2021-02-22,2019.92
2021-02-23,2007.08
2021-02-24,1971.67
2021-02-25,2014.96
2021-02-26,2007.86
2021-03-02,1982.24
2021-03-03,2045.06
2021-03-04,2041.54
2021-03-05,2071.59
2021-03-08,2064.51
2021-03-09,1997.95
2021-03-10,2033.48
2021-03-11,2039.85
2021-03-12,2069.92
2021-03-15,2067.17
2021-03-16,2101.16
2021-03-17,2101.42
2021-03-18,2123.9
2021-03-19,2128.58
2021-03-22,2175.0
2021-03-23,2180.42
2021-03-24,2168.39
2021-03-25,2173.52
2021-03-26,2303.18
2021-03-29,2213.06
2021-03-30,2158.8
2021-03-31,2158.88
2021-04-01,2125.41
2021-04-02,2133.87
2021-04-05,2124.43
2021-04-06,2126.24
2021-04-07,2142.8
2021-04-08,2140.81
2021-04-09,2118.93
2021-04-12,2108.72
2021-04-13,2121.57
2021-04-14,2120.07
2021-04-15,2111.13
2021-04-16,2150.2
2021-04-19,2190.84
2021-04-20,2220.86
2021-04-21,2187.46
2021-04-22,2218.31
2021-04-23,2202.05
2021-04-26,2307.6
2021-04-27,2310.79
2021-04-28,2348.51
2021-04-29,2343.45
2021-04-30,2355.09
2021-05-03,2284.02
2021-05-04,2260.01
2021-05-06,2384.88
2021-05-07,2427.29
2021-05-10,2512.78
2021-05-11,2527.6
2021-05-12,2561.16
2021-05-13,2500.24
2021-05-14,2465.43
2021-05-17,2490.64
2021-05-18,2482.15
2021-05-20,2535.86
2021-05-21,2511.81
2021-05-24,2528.86
2021-05-25,2615.83
2021-05-26,2622.88
2021-05-27,2659.17
2021-05-28,2641.85
2021-05-31,2611.36
2021-06-01,2599.5
2021-06-02,2654.7
2021-06-03,2659.25
2021-06-04,2617.94
2021-06-07,2540.93
2021-06-08,2611.84
2021-06-09,2615.24
2021-06-10,2628.78
2021-06-11,2670.48
2021-06-14,2669.88
2021-06-15,2635.17
2021-06-16,2688.76
2021-06-17,2684.25
2021-06-18,2654.52
2021-06-21,2601.4
2021-06-22,2604.58
2021-06-23,2601.99
2021-06-24,2564.61
2021-06-25,2632.58
2021-06-28,2647.06
2021-06-29,2627.33
2021-06-30,2631.3
2021-07-01,2636.59
2021-07-02,2631.59
2021-07-05,2715.94
2021-07-06,2705.48
2021-07-07,2682.82
2021-07-08,2616.98
2021-07-09,2569.46
2021-07-12,2574.81
2021-07-13,2580.38
2021-07-14,2546.05
2021-07-15,2567.29
2021-07-16,2585.99
2021-07-19,2556.2
2021-07-20,2504.18
2021-07-21,2502.46
2021-07-22,2528.7
2021-07-23,2524.88
2021-07-26,2495.78
2021-07-27,2526.59
2021-07-28,2516.04
2021-07-29,2498.86
2021-07-30,2453.91
2021-08-02,2418.87
2021-08-03,2394.52
2021-08-04,2478.37
2021-08-05,2474.62
2021-08-06,2476.67
2021-08-09,2445.34
2021-08-10,2416.12
2021-08-11,2446.08
2021-08-12,2457.88
2021-08-13,2405.82
2021-08-17,2371.14
2021-08-18,2437.44
2021-08-19,2329.23
2021-08-20,2296.92
2021-08-23,2344.74
2021-08-24,2431.18
2021-08-25,2454.75
2021-08-26,2480.11
2021-08-27,2491.63
2021-08-30,2524.64
2021-08-31,2546.49
2021-09-01,2537.13
2021-09-02,2476.9
2021-09-03,2476.1
2021-09-06,2460.68
2021-09-07,2442.44
2021-09-08,2434.62
2021-09-09,2393.54
2021-09-10,2414.67
2021-09-13,2412.58
2021-09-14,2462.3
2021-09-15,2458.15
2021-09-16,2439.14
2021-09-17,2479.86
2021-09-23,2516.12
2021-09-24,2522.62
2021-09-27,2520.72
2021-09-28,2484.12
2021-09-29,2438.6
2021-09-30,2378.64
2021-10-01,2322.32
2021-10-05,2277.49
2021-10-06,2188.14
2021-10-07,2264.74
2021-10-08,2194.85
2021-10-12,2176.6
2021-10-13,2194.45
2021-10-14,2225.07
2021-10-15,2246.63
2021-10-18,2203.73
2021-10-19,2211.16
2021-10-20,2187.1
2021-10-21,2187.91
2021-10-22,2163.15
2021-10-25,2208.23
2021-10-26,2212.67
2021-10-27,2141.12
2021-10-28,2125.47
2021-10-29,2098.85
2021-11-01,2105.85
2021-11-02,2132.93
2021-11-03,2086.09
2021-11-04,2088.52
2021-11-05,2073.67
2021-11-08,2106.34
2021-11-09,2086.24
2021-11-10,2062.06
2021-11-11,2058.91
2021-11-12,2070.67
2021-11-15,2085.74
2021-11-16,2063.27
2021-11-17,2008.66
2021-11-18,1985.8
2021-11-19,1994.43
2021-11-22,1996.11
2021-11-23,1966.9
2021-11-24,1954.79
2021-11-25,1932.98
2021-11-26,1880.56
2021-11-29,1865.27
2021-11-30,1811.52
2021-12-01,1875.83
2021-12-02,1943.9
2021-12-03,1977.41
2021-12-06,2001.05
2021-12-07,2032.91
2021-12-08,2025.1
2021-12-09,2051.67
2021-12-10,2036.92
2021-12-13,2054.39
2021-12-14,2042.6
2021-12-15,2004.75
2021-12-16,2040.34
2021-12-17,2080.05
2021-12-20,2024.94
2021-12-21,2039.02
2021-12-22,2039.9
2021-12-23,2036.77
2021-12-24,2028.78
2021-12-27,1996.08
2021-12-28,1983.19
2021-12-29,2054.72
2021-12-30,2018.65
2022-01-03,2048.98
2022-01-04,2038.72
2022-01-05,2029.12
2022-01-06,2009.48
2022-01-07,2018.53
2022-01-10,2001.22
2022-01-11,1973.47
2022-01-12,2001.22
2022-01-13,1995.96
2022-01-14,1963.03
2022-01-17,1930.42
2022-01-18,1900.11
2022-01-19,1879.83
2022-01-20,1896.05
2022-01-21,1893.28
2022-01-24,1838.2
2022-01-25,1764.04
2022-01-26,1792.72
2022-01-27,1752.53
2022-01-28,1798.87
2022-02-03,1841.94
2022-02-04,1907.26
2022-02-07,1914.76
2022-02-08,1952.78
2022-02-09,1980.06
2022-02-10,2001.9
2022-02-11,1989.1
2022-02-14,1979.76
2022-02-15,1965.77
2022-02-16,2001.27
2022-02-17,2059.26
2022-02-18,2103.23
2022-02-21,2120.72
2022-02-22,2121.18
2022-02-23,2129.95
2022-02-24,2096.74
2022-02-25,2084.71
2022-02-28,2082.84
2022-03-02,2082.27
2022-03-03,2142.42
2022-03-04,2234.57
2022-03-07,2158.07
2022-03-08,2140.45
2022-03-10,2154.83
2022-03-11,2186.6
2022-03-14,2217.51
2022-03-15,2153.54
2022-03-16,2203.19
2022-03-17,2209.7
2022-03-18,2262.92
2022-03-21,2228.28
2022-03-22,2203.73
2022-03-23,2196.8
2022-03-24,2220.45
2022-03-25,2179.59
2022-03-28,2159.51
2022-03-29,2170.24
2022-03-30,2181.94
2022-03-31,2184.3
2022-04-01,2190.46
2022-04-04,2196.85
2022-04-05,2196.24
2022-04-06,2186.43
2022-04-07,2128.23
2022-04-08,2126.45
2022-04-11,2123.89
2022-04-12,2128.21
2022-04-13,2149.42
2022-04-14,2159.36
2022-04-15,2152.01
2022-04-18,2134.85
2022-04-19,2161.98
2022-04-20,2155.78
2022-04-21,2173.45
2022-04-22,2147.53
2022-04-25,2080.55
2022-04-26,2117.07
2022-04-27,2097.77
2022-04-28,2145.28
2022-04-29,2164.55
2022-05-02,2177.81
2022-05-03,2162.52
2022-05-04,2162.68
2022-05-06,2186.21
2022-05-09,2153.95
2022-05-10,2123.25
2022-05-11,2178.19
2022-05-12,2185.81
2022-05-13,2219.01
2022-05-16,2195.11
2022-05-17,2185.3
2022-05-18,2200.17
2022-05-19,2155.52
2022-05-20,2185.2
2022-05-23,2208.81
2022-05-24,2222.42
2022-05-25,2221.09
2022-05-26,2231.93
2022-05-27,2292.93
2022-05-30,2237.25
2022-05-31,2253.7
2022-06-02,2200.87
2022-06-03,2234.62
2022-06-07,2204.93
2022-06-08,2178.04
2022-06-09,2149.74
2022-06-10,2122.67
2022-06-13,2040.34
2022-06-14,2052.25
2022-06-15,2012.86
2022-06-16,2003.74
2022-06-17,1983.42
2022-06-20,1909.55
2022-06-21,1955.92
2022-06-22,1891.13
2022-06-23,1823.03
2022-06-24,1847.31
2022-06-27,1902.07
2022-06-28,1924.63
2022-06-29,1903.92
2022-06-30,1871.05
2022-07-01,1851.4
2022-07-04,1844.09
2022-07-05,1885.2
2022-07-06,1831.31
2022-07-07,1861.44
2022-07-08,1872.62
2022-07-11,1819.08
2022-07-12,1779.85
2022-07-13,1812.97
2022-07-14,1814.62
2022-07-15,1772.9
2022-07-18,1811.46
2022-07-19,1824.03
2022-07-20,1843.06
2022-07-21,1849.07
2022-07-22,1834.26
2022-07-25,1845.0
2022-07-26,1846.45
2022-07-27,1850.61
2022-07-28,1832.56
2022-07-29,1863.7
2022-08-01,1864.11
2022-08-02,1853.05
2022-08-03,1863.82
2022-08-04,1898.46
2022-08-05,1896.21
2022-08-08,1870.9
2022-08-09,1885.41
2022-08-10,1878.94
2022-08-11,1912.4
2022-08-12,1909.56
2022-08-16,1902.49
2022-08-17,1903.72
2022-08-18,1878.09
2022-08-19,1856.85
2022-08-22,1825.57
2022-08-23,1792.27
2022-08-24,1808.38
2022-08-25,1852.68
2022-08-26,1855.61
2022-08-29,1787.49
2022-08-30,1778.92
2022-08-31,1805.18
2022-09-01,1755.23
2022-09-02,1746.03
2022-09-05,1707.55
2022-09-06,1694.49
2022-09-07,1649.07
2022-09-08,1657.58
2022-09-13,1725.1
2022-09-14,1708.07
2022-09-15,1718.64
2022-09-16,1711.53
2022-09-19,1659.69
2022-09-20,1701.21
2022-09-21,1718.88
2022-09-22,1690.18
2022-09-23,1622.41
2022-09-26,1550.16
2022-09-27,1601.56
2022-09-28,1559.58
2022-09-29,1527.93
2022-09-30,1506.93
2022-10-04,1521.81
2022-10-05,1483.96
2022-10-06,1505.74
2022-10-07,1508.5
2022-10-11,1455.59
2022-10-12,1468.5
2022-10-13,1448.87
2022-10-14,1487.92
2022-10-17,1497.06
2022-10-18,1536.91
2022-10-19,1538.92
2022-10-20,1529.18
2022-10-21,1493.57
2022-10-24,1495.38
2022-10-25,1475.24
2022-10-26,1468.7
2022-10-27,1510.63
2022-10-28,1522.02
2022-10-31,1527.82
2022-11-01,1533.27
2022-11-02,1530.91
2022-11-03,1501.03
2022-11-04,1543.33
2022-11-07,1581.9
2022-11-08,1626.32
2022-11-09,1618.35
2022-11-10,1606.76
2022-11-11,1675.39
2022-11-14,1681.44
2022-11-15,1703.74
2022-11-16,1678.76
2022-11-17,1649.03
2022-11-18,1640.41
2022-11-21,1628.58
2022-11-22,1615.21
2022-11-23,1672.62
2022-11-24,1659.88
2022-11-25,1661.31
2022-11-28,1634.65
2022-11-29,1674.85
2022-11-30,1694.56
2022-12-01,1688.56
2022-12-02,1662.19
2022-12-05,1692.23
2022-12-06,1657.67
2022-12-07,1674.72
2022-12-08,1671.43
2022-12-09,1719.49
2022-12-12,1701.4
2022-12-13,1704.88
2022-12-14,1699.34
2022-12-15,1680.29
2022-12-16,1689.32
2022-12-19,1700.09
2022-12-20,1670.23
2022-12-21,1674.44
2022-12-22,1727.79
2022-12-23,1694.04
2022-12-26,1691.27
2022-12-27,1706.81
2022-12-28,1667.15
2022-12-29,1610.63
2023-01-02,1586.9
2023-01-03,1581.17
2023-01-04,1581.71
2023-01-05,1589.01
2023-01-06,1606.61
2023-01-09,1634.56
2023-01-10,1641.29
2023-01-11,1646.15
2023-01-12,1637.25
2023-01-13,1714.29
2023-01-16,1712.51
2023-01-17,1728.77
2023-01-18,1753.16
2023-01-19,1749.72
2023-01-20,1744.1
2023-01-25,1752.96
2023-01-26,1750.9
2023-01-27,1803.53
2023-01-30,1755.18
2023-01-31,1737.26
2023-02-01,1763.78
2023-02-02,1753.49
2023-02-03,1751.01
2023-02-06,1730.05
2023-02-07,1723.79
2023-02-08,1727.0
2023-02-09,1718.24
2023-02-10,1714.89
2023-02-13,1703.66
2023-02-14,1718.96
2023-02-15,1697.02
2023-02-16,1710.12
2023-02-17,1716.46
2023-02-20,1701.94
2023-02-21,1712.63
2023-02-22,1692.43
2023-02-23,1728.03
2023-02-24,1739.17
2023-02-27,1730.94
2023-02-28,1715.6
2023-03-02,1743.21
2023-03-03,1735.41
2023-03-06,1727.95
2023-03-07,1702.37
2023-03-08,1689.39
2023-03-09,1678.64
2023-03-10,1655.04
2023-03-13,1656.18
2023-03-14,1612.05
2023-03-15,1614.13
2023-03-16,1608.1
2023-03-17,1630.3
2023-03-20,1619.29
2023-03-21,1630.86
2023-03-22,1622.88
2023-03-23,1622.13
2023-03-24,1622.71
2023-03-27,1604.05
2023-03-28,1632.54
2023-03-29,1645.9
2023-03-30,1662.3
2023-03-31,1663.97
2023-04-03,1650.67
2023-04-04,1652.78
2023-04-05,1647.94
2023-04-06,1618.39
2023-04-07,1615.83
2023-04-10,1611.04
2023-04-11,1633.88
2023-04-12,1646.94
2023-04-13,1657.9
2023-04-14,1663.73
2023-04-17,1686.48
2023-04-18,1696.39
2023-04-19,1707.12
2023-04-20,1709.34
2023-04-21,1691.17
2023-04-24,1656.99
2023-04-25,1636.22
2023-04-26,1597.89
2023-04-27,1580.46
2023-04-28,1596.55
2023-05-02,1601.8
2023-05-03,1592.08
2023-05-04,1593.88
2023-05-08,1597.62
2023-05-09,1590.71
2023-05-10,1578.57
2023-05-11,1589.71
2023-05-12,1578.54
2023-05-15,1560.7
2023-05-16,1546.51
2023-05-17,1539.67
2023-05-18,1541.17
2023-05-19,1549.43
2023-05-22,1589.17
2023-05-23,1585.33
2023-05-24,1577.21
2023-05-25,1552.11
2023-05-26,1522.26
2023-05-30,1532.19
2023-05-31,1545.56
2023-06-01,1530.62
2023-06-02,1526.57
2023-06-05,1551.51
2023-06-07,1582.92
2023-06-08,1607.95
2023-06-09,1612.79
2023-06-12,1597.18
2023-06-13,1624.07
2023-06-14,1627.62
2023-06-15,1636.56
2023-06-16,1670.42
2023-06-19,1661.83
2023-06-20,1673.29
2023-06-21,1638.76
2023-06-22,1636.76
2023-06-23,1619.55
2023-06-26,1627.4
2023-06-27,1646.83
2023-06-28,1661.72
2023-06-29,1641.9
2023-06-30,1662.15
2023-07-03,1673.5
2023-07-04,1678.0
2023-07-05,1677.23
2023-07-06,1663.56
2023-07-07,1637.74
2023-07-10,1636.26
2023-07-11,1641.76
2023-07-12,1673.74
2023-07-13,1676.69
2023-07-14,1698.82
2023-07-17,1685.6
2023-07-18,1653.11
2023-07-19,1647.06
2023-07-20,1691.4
2023-07-21,1652.26
2023-07-24,1599.23
2023-07-25,1538.18
2023-07-26,1532.14
2023-07-27,1552.13
2023-07-28,1562.15
2023-07-31,1548.51
2023-08-01,1575.23
2023-08-02,1542.22
2023-08-03,1539.3
2023-08-04,1554.6
2023-08-07,1539.64
2023-08-08,1548.77
2023-08-09,1546.62
2023-08-10,1583.24
2023-08-11,1589.42
2023-08-14,1563.38
2023-08-16,1544.61
2023-08-17,1540.71
2023-08-18,1534.44
2023-08-21,1530.6
2023-08-22,1513.25
2023-08-23,1507.21
2023-08-24,1505.82
2023-08-25,1501.38
2023-08-28,1513.38
2023-08-29,1524.02
2023-08-30,1512.36
2023-08-31,1501.99
2023-09-01,1502.84
2023-09-04,1515.97
2023-09-05,1504.12
2023-09-06,1484.15
2023-09-07,1479.3
2023-09-08,1490.43
2023-09-11,1483.0
2023-09-12,1472.52
2023-09-13,1457.98
2023-09-14,1508.59
2023-09-15,1512.8
2023-09-18,1499.53
2023-09-19,1495.84
2023-09-20,1524.87
2023-09-21,1511.23
2023-09-22,1485.55
2023-09-25,1487.31
2023-09-26,1477.92
2023-09-27,1478.04
2023-10-04,1433.5
2023-10-05,1437.78
2023-10-06,1436.61
2023-10-10,1407.04
2023-10-11,1403.29
2023-10-12,1400.49
2023-10-13,1368.98
2023-10-16,1359.97
2023-10-17,1362.49
2023-10-18,1397.15
2023-10-19,1389.38
2023-10-20,1342.47
2023-10-23,1341.1
2023-10-24,1353.37
2023-10-25,1376.36
2023-10-26,1347.81
2023-10-27,1360.08
2023-10-30,1370.26
2023-10-31,1380.64
2023-11-01,1380.85
2023-11-02,1371.9
2023-11-03,1381.56
2023-11-06,1461.95
2023-11-07,1427.74
2023-11-08,1439.24
2023-11-09,1463.62
2023-11-10,1457.62
2023-11-13,1443.17
2023-11-14,1428.02
2023-11-15,1460.7
2023-11-16,1451.98
2023-11-17,1475.82
2023-11-20,1490.41
2023-11-21,1506.97
2023-11-22,1510.43
2023-11-23,1522.78
2023-11-24,1491.5
2023-11-27,1486.56
2023-11-28,1497.94
2023-11-29,1494.15
2023-11-30,1508.08
2023-12-01,1523.46
2023-12-04,1557.62
2023-12-05,1528.75
2023-12-06,1529.4
2023-12-07,1519.9
2023-12-08,1527.44
2023-12-11,1530.23
2023-12-12,1554.22
2023-12-13,1544.69
2023-12-14,1572.77
2023-12-15,1558.38
2023-12-18,1618.78
2023-12-19,1633.99
2023-12-20,1771.0
2023-12-21,1697.46
2023-12-22,1730.78
2023-12-26,1694.4
2023-12-27,1688.91
2023-12-28,1716.49
2024-01-02,1755.1
2024-01-03,1713.43
2024-01-04,1735.9
2024-01-05,1742.21
2024-01-08,1728.69
2024-01-09,1734.95
2024-01-10,1721.63
2024-01-11,1724.48
2024-01-12,1751.19
2024-01-15,1765.02
2024-01-16,1744.23
2024-01-17,1718.0
2024-01-18,1702.52
2024-01-19,1693.89
2024-01-22,1679.16
2024-01-23,1707.24
2024-01-24,1688.1
2024-01-25,1701.1
2024-01-26,1704.03
2024-01-29,1692.68
2024-01-30,1682.48
2024-01-31,1690.03
2024-02-01,1704.48
2024-02-02,1755.96
2024-02-05,1713.22
2024-02-06,1717.32
2024-02-07,1737.14
2024-02-08,1713.8
2024-02-13,1701.12
2024-02-14,1671.73
2024-02-15,1651.82
2024-02-16,1678.3
2024-02-19,1705.37
2024-02-20,1704.23
2024-02-21,1717.68
2024-02-22,1717.24
2024-02-23,1710.9
2024-02-26,1711.24
2024-02-27,1680.66
2024-02-28,1683.59
2024-02-29,1667.69
2024-03-04,1642.01
2024-03-05,1636.61
2024-03-06,1608.27
2024-03-07,1601.34
2024-03-08,1592.73
2024-03-11,1583.69
2024-03-12,1577.02
2024-03-13,1566.61
2024-03-14,1608.94
2024-03-15,1563.83
2024-03-18,1559.89
2024-03-19,1538.21
2024-03-20,1538.41
2024-03-21,1550.77
2024-03-22,1542.67
2024-03-25,1528.08
2024-03-26,1529.26
2024-03-27,1541.59
2024-03-28,1540.97
2024-03-29,1520.06
2024-04-01,1545.84
2024-04-02,1528.6
2024-04-03,1539.19
2024-04-04,1525.58
2024-04-05,1511.91
2024-04-08,1508.61
2024-04-09,1529.43
2024-04-11,1534.57
2024-04-12,1499.45
2024-04-15,1495.76
2024-04-16,1447.84
2024-04-17,1454.24
2024-04-18,1470.27
2024-04-19,1481.69
2024-04-22,1527.96
2024-04-23,1493.93
2024-04-24,1496.2
2024-04-25,1494.81
2024-04-26,1505.34
2024-04-29,1543.12
2024-04-30,1531.41
2024-05-02,1534.23
2024-05-03,1528.14
2024-05-07,1549.73
2024-05-08,1584.91
2024-05-09,1606.44
2024-05-10,1644.25
2024-05-13,1643.36
2024-05-14,1629.09
2024-05-16,1581.86
2024-05-17,1565.93
2024-05-20,1600.71
2024-05-21,1575.51
2024-05-22,1563.56
2024-05-23,1555.72
2024-05-24,1551.18
2024-05-27,1574.92
2024-05-28,1584.71
2024-05-29,1578.82
2024-05-30,1565.16
2024-05-31,1578.68
2024-06-03,1641.48
2024-06-04,1629.86
2024-06-05,1629.43
2024-06-07,1651.99
2024-06-10,1612.35
2024-06-11,1584.04
2024-06-12,1565.1
2024-06-13,1563.31
2024-06-14,1608.97
2024-06-17,1586.52
2024-06-18,1613.54
2024-06-19,1645.82
2024-06-20,1670.99
2024-06-21,1666.67
2024-06-24,1661.53
2024-06-25,1702.3
2024-06-26,1704.23
2024-06-27,1713.1
2024-06-28,1724.21
2024-07-01,1762.83
2024-07-02,1748.86
2024-07-03,1757.63
2024-07-04,1755.21
2024-07-05,1729.3
2024-07-08,1697.71
2024-07-09,1683.06
2024-07-10,1681.6
2024-07-11,1685.18
2024-07-12,1664.83
2024-07-15,1672.03
2024-07-16,1679.38
2024-07-17,1660.89
2024-07-18,1660.22
2024-07-19,1622.37
2024-07-22,1607.84
2024-07-23,1597.5
2024-07-24,1607.36
2024-07-25,1596.67
2024-07-26,1625.02
2024-07-29,1641.07
2024-07-30,1636.14
2024-07-31,1664.97
2024-08-01,1674.98
2024-08-02,1640.8
2024-08-05,1508.98
2024-08-06,1556.55
2024-08-07,1563.78
2024-08-08,1564.88
2024-08-09,1568.41
2024-08-12,1579.41
2024-08-13,1577.23
2024-08-14,1582.46
2024-08-16,1598.21
2024-08-19,1578.76
2024-08-20,1592.06
2024-08-21,1609.01
2024-08-22,1611.29
2024-08-23,1615.19
2024-08-26,1638.86
2024-08-27,1615.11
2024-08-28,1619.29
2024-08-29,1594.2
2024-08-30,1592.12
2024-09-02,1581.75
2024-09-03,1584.57
2024-09-04,1548.11
2024-09-05,1582.42
2024-09-06,1555.32
2024-09-09,1553.72
2024-09-10,1560.75
2024-09-11,1562.22
2024-09-12,1578.0
2024-09-13,1601.32
2024-09-19,1624.39
2024-09-20,1636.22
2024-09-23,1639.36
2024-09-24,1662.14
2024-09-25,1664.61
2024-09-26,1701.05
2024-09-27,1714.9
2024-09-30,1687.28
2024-10-02,1651.2
2024-10-04,1599.62
2024-10-07,1591.5
2024-10-08,1584.57
2024-10-10,1587.7
2024-10-11,1579.87
2024-10-14,1596.45
2024-10-15,1591.68
2024-10-16,1628.08
2024-10-17,1628.46
2024-10-18,1625.76
2024-10-21,1644.2
2024-10-22,1627.68
2024-10-23,1628.31
2024-10-24,1630.77
2024-10-25,1626.02
2024-10-28,1645.88
2024-10-29,1662.46
2024-10-30,1649.2
2024-10-31,1646.83
2024-11-01,1634.81
2024-11-04,1676.5
2024-11-05,1673.58
2024-11-06,1632.67
2024-11-07,1630.1
2024-11-08,1623.72
2024-11-11,1571.4
2024-11-12,1555.72
2024-11-13,1584.75
2024-11-14,1604.38
2024-11-15,1639.32
2024-11-18,1656.31
2024-11-19,1679.09
2024-11-20,1684.95
2024-11-21,1686.53
2024-11-22,1679.93
2024-11-25,1701.32
2024-11-26,1711.37
2024-11-27,1717.37
2024-11-28,1721.19
2024-11-29,1695.28
2024-12-02,1674.8
2024-12-03,1692.62
2024-12-04,1657.18
2024-12-05,1650.23
2024-12-06,1631.82
2024-12-09,1589.2
2024-12-10,1633.07
2024-12-11,1661.19
2024-12-12,1667.42
2024-12-13,1685.25
2024-12-16,1658.58
2024-12-17,1644.36
2024-12-18,1665.67
2024-12-19,1634.99
2024-12-20,1637.47
2024-12-23,1635.58
2024-12-24,1642.31
2024-12-26,1636.49
2024-12-27,1607.77
2024-12-30,1603.24
2025-01-02,1660.74
2025-01-03,1690.84
2025-01-06,1698.36
2025-01-07,1691.75
2025-01-08,1688.86
2025-01-09,1694.2
2025-01-10,1689.87
2025-01-13,1680.76
2025-01-14,1674.14
2025-01-15,1724.09
2025-01-16,1720.8
2025-01-17,1717.64
2025-01-20,1665.45
2025-01-21,1676.9
2025-01-22,1730.48
2025-01-23,1725.47
2025-01-24,1750.87
2025-01-31,1779.7
2025-02-03,1713.43
2025-02-04,1716.65
2025-02-05,1722.17
2025-02-06,1716.93
2025-02-07,1696.64
2025-02-10,1693.65
2025-02-11,1695.25
2025-02-12,1691.77
2025-02-13,1683.25
2025-02-14,1689.79
2025-02-17,1682.1
2025-02-18,1688.95
2025-02-19,1702.38
2025-02-20,1726.31
2025-02-21,1736.89
2025-02-24,1805.32
2025-02-25,1821.43
2025-02-26,1803.51
2025-02-27,1799.36
2025-02-28,1735.52
2025-03-04,1770.35
2025-03-05,1813.46
2025-03-06,1826.12
2025-03-07,1819.05
2025-03-10,1833.1
2025-03-11,1769.95
2025-03-12,1748.82
2025-03-13,1728.72
2025-03-14,1727.04
2025-03-17,1733.55
2025-03-18,1728.2
2025-03-19,1695.9
2025-03-20,1690.91
2025-03-21,1697.99
2025-03-24,1736.1
2025-03-25,1726.59
2025-03-26,1724.08
2025-03-27,1688.22
2025-03-28,1647.09
2025-03-31,1622.55
2025-04-01,1674.76
2025-04-02,1676.01
2025-04-03,1635.03
2025-04-04,1639.15
2025-04-07,1547.45
2025-04-08,1520.77
2025-04-09,1504.04
2025-04-10,1596.54
2025-04-11,1581.6
2025-04-14,1582.4
2025-04-15,1593.26
2025-04-16,1590.04
2025-04-17,1588.48
